-13.2444,70.1124
-12.7708,70.1689
-12.3,70.2349
-11.8112,70.2581
-11.3653,70.2722
-10.8962,70.2982
-10.4163,70.3237
-9.92521,70.3562
-9.45219,70.3834
-8.95577,70.4073
-8.46581,70.4394
-7.99677,70.4643
-7.50258,70.4743
-7.02878,70.4969
-6.54008,70.5205
-6.05414,70.5171
-5.58448,70.5337
-5.12065,70.4983
-4.65004,70.519
-4.15308,70.5015
-3.6448,70.5019
-3.15356,70.4821
-2.63821,70.4633
-2.1345,70.443
-1.6265,70.4139
-1.11995,70.3709
-0.637959,70.3157
-0.155582,70.2503
0.348352,70.1969
0.84102,70.1253
1.31934,70.0379
1.82365,69.9766
2.28656,69.9076
2.78219,69.8448
3.27784,69.7909
3.7608,69.7001
4.25588,69.6332
4.75062,69.546
5.24928,69.4281
5.74476,69.3705
6.26537,69.2752
6.74488,69.1693
7.25788,69.0457
7.74508,68.9504
8.23913,68.8272
8.7313,68.7127
9.23955,68.5577
9.72108,68.449
10.2195,68.3067
10.7043,68.1626
11.1973,68.0391
11.6847,67.8842
12.1632,67.7177
12.6509,67.5845
13.1482,67.4297
13.619,67.262
14.093,67.115
14.5915,66.945
15.082,66.7821
15.5572,66.6152
16.0451,66.4211
16.5133,66.2248
17.0178,66.0359
17.4922,65.8377
17.9897,65.6197
18.4762,65.411
18.9511,65.1713
19.4289,64.9688
19.9075,64.7644
20.3919,64.5602
20.876,64.3319
21.3502,64.1214
21.8137,63.8717
22.2782,63.646
22.7583,63.4112
23.2461,63.1303
23.6994,62.8604
24.179,62.6213
24.6521,62.338
25.1065,62.0381
25.5948,61.7558
26.0396,61.4804
26.499,61.1943
26.952,60.879
27.4317,60.5845
27.8767,60.2771
28.3174,59.9737
28.7709,59.6678
29.2005,59.3815
29.6442,59.0466
30.0844,58.7005
30.533,58.3804
30.9858,58.041
31.4006,57.6893
31.846,57.3395
32.277,57.0061
32.7213,56.6443
33.1353,56.293
33.5593,55.9159
33.9816,55.5277
34.3908,55.1511
34.8054,54.7591
35.1969,54.3733
35.6016,53.9697
35.9998,53.5758
36.402,53.1637
36.7925,52.7629
37.182,52.3523
37.5616,51.9347
37.9534,51.4939
38.3239,51.0755
38.6872,50.6356
39.0634,50.2118
39.4304,49.7597
39.807,49.3001
40.1437,48.856
40.4926,48.387
40.8216,47.9138
41.1731,47.4398
41.4941,46.9538
41.8177,46.4637
42.166,45.9705
42.4857,45.4799
42.7995,45.007
43.1074,44.4848
43.4247,43.9854
43.7272,43.4519
44.0205,42.937
44.2975,42.4223
44.5676,41.9039
44.8394,41.3658
45.1214,40.7989
45.3747,40.2535
45.6126,39.7286
45.8652,39.1511
46.1095,38.6157
46.3588,38.0174
46.583,37.4501
46.797,36.8604
47.0106,36.2827
47.216,35.7185
47.4044,35.1168
47.6006,34.5323
47.7533,33.9514
47.925,33.3358
48.0865,32.7334
48.2351,32.1456
48.3781,31.5214
48.5147,30.8945
48.6202,30.292
48.7328,29.6723
48.8555,29.0307
48.9451,28.3974
49.0454,27.7663
49.113,27.1326
49.1797,26.497
49.2327,25.8606
49.2799,25.2108
49.3142,24.5691
49.3331,23.9333
49.3367,23.2725
49.3325,22.626
49.323,21.9748
49.2717,21.3263
49.2548,20.6524
49.223,19.9996
49.1493,19.3446
49.0861,18.7137
49.0158,18.0418
48.9306,17.3884
48.817,16.7567
48.713,16.0726
48.5674,15.4262
48.4284,14.7764
48.2641,14.1231
48.1042,13.4532
47.9087,12.8033
47.7156,12.1596
47.4933,11.5149
47.2707,10.876
47.0264,10.2436
46.7605,9.61553
46.4946,8.98155
46.2155,8.35023
45.9242,7.71133
45.6429,7.08191
45.3238,6.4706
45.0019,5.84804
44.6524,5.23573
44.2926,4.62497
43.9091,4.03297
43.533,3.43783
43.103,2.8497
42.7,2.28319
42.2537,1.70815
41.7926,1.17522
41.332,0.618187
40.8512,0.0860223
40.3534,-0.425649
39.8456,-0.947345
39.335,-1.45059
38.801,-1.93529
38.2379,-2.4183
37.6727,-2.87749
37.0972,-3.32669
36.5234,-3.7716
35.9234,-4.19239
35.2999,-4.61143
34.6869,-5.00353
34.0472,-5.37891
33.3982,-5.73611
32.7275,-6.07715
32.0581,-6.41725
31.368,-6.72071
31.3204,-7.30632
29.9869,-7.29517
29.291,-7.56317
28.5639,-7.79429
27.8414,-8.00416
27.1156,-8.22975
26.3691,-8.38444
25.6052,-8.55951
24.8595,-8.69665
24.1229,-8.82442
23.3454,-8.92117
22.5821,-8.99793
21.8053,-9.05265
21.0274,-9.05594
20.27,-9.0619
19.4617,-9.04428
18.6746,-8.97222
17.884,-8.89983
17.1127,-8.79522
16.3476,-8.68451
15.576,-8.5457
14.8211,-8.3936
14.0462,-8.20596
13.2843,-7.97904
12.5267,-7.72636
11.7668,-7.45536
11.0079,-7.1651
10.301,-6.87713
9.57717,-6.511
8.86084,-6.16108
8.16248,-5.74886
7.48058,-5.35588
6.81959,-4.92929
6.17227,-4.4677
5.53009,-3.98541
4.90042,-3.49779
4.28135,-2.97605
3.6954,-2.46232
3.13026,-1.8817
2.55865,-1.29967
2.03134,-0.687226
1.49555,-0.0525086
0.854292,0.716411
0.606807,1.22256
0.147027,1.75971
-0.326175,2.41694
-0.729621,3.10517
-1.13461,3.86987
-1.50261,4.59134
-1.84657,5.30149
-2.18175,6.07798
-2.47304,6.78205
-2.76963,7.54346
-3.00455,8.32913
-3.23785,9.10423
-3.45057,9.88256
-3.6282,10.6648
-3.7807,11.4759
-3.89641,12.2428
-3.96707,13.0293
-4.04438,13.8188
-4.09189,14.6245
-4.08387,15.4065
-4.08554,16.2108
-4.05675,17.0042
-3.9902,17.7895
-3.91003,18.5697
-3.82243,19.3879
-3.7052,20.134
-3.54307,20.9074
-3.38988,21.6878
-3.19834,22.4547
-2.99608,23.1956
-2.74386,23.9376
-2.47675,24.6738
-2.17002,25.3966
-1.88703,26.1175
-1.59449,26.8236
-1.21934,27.5039
-0.878303,28.1832
-0.52493,28.8758
-0.1224,29.5255
0.301579,30.1744
0.709795,30.8174
1.13915,31.447
1.62766,32.0636
2.10685,32.6527
2.59049,33.2294
3.07789,33.8066
3.56529,34.3708
4.08607,34.9232
4.66432,35.4266
5.21084,35.9334
5.74921,36.4268
6.33193,36.9312
6.91256,37.3804
7.47778,37.8346
8.07865,38.2532
8.70555,38.6597
9.30505,39.0515
9.91871,39.433
10.5525,39.7977
11.188,40.169
11.8412,40.4965
12.4534,40.8321
13.113,41.1343
13.7684,41.4365
14.4183,41.7189
15.1086,41.979
15.7626,42.1915
16.4273,42.4516
17.0832,42.6546
17.774,42.8435
18.4445,43.0268
19.1625,43.1918
19.841,43.3431
20.5283,43.4806
21.2086,43.6041
21.9133,43.713
22.6062,43.8261
23.2752,43.9161
23.9149,43.9948
24.5847,44.0772
25.2892,44.1222
25.9747,44.1432
26.6556,44.1788
27.287,44.1968
27.9558,44.1976
28.6347,44.1785
29.2705,44.1558
29.9408,44.1195
30.566,44.0935
31.2262,44.0232
31.9103,43.9531
32.5449,43.8555
33.1836,43.7621
33.788,43.6407
34.4388,43.5445
35.0762,43.4224
35.7316,43.2784
36.3182,43.1537
36.9456,42.982
37.5687,42.8196
38.1907,42.6767
38.8023,42.497
39.4217,42.2998
39.9965,42.1001
40.6188,41.9078
41.1582,41.6779
41.7653,41.4846
42.323,41.2574
42.9131,41.0314
43.4467,40.8182
44.023,40.5617
44.5286,40.2846
45.0846,40.057
45.6466,39.7768
46.1767,39.4928
46.7031,39.2203
47.2225,38.8972
47.7004,38.5974
48.235,38.3191
48.7884,37.994
49.2707,37.6809
49.7584,37.3599
50.1961,37.0527
50.7001,36.7161
51.1735,36.3703
51.6527,36.0273
52.1196,35.6789
52.5862,35.343
53.0268,34.9726
53.4383,34.6139
53.9252,34.2587
54.3546,33.8969
54.8139,33.5361
55.2767,33.1494
55.653,32.804
56.0307,32.4353
56.4609,32.0434
56.8738,31.6468
57.2989,31.2747
57.682,30.8787
58.0128,30.492
58.3976,30.1126
58.8246,29.6728
59.1679,29.2863
59.54,28.8677
59.9485,28.4733
60.2713,28.0685
60.5868,27.6794
60.9537,27.2382
61.3108,26.7891
61.6366,26.3476
61.9716,25.9292
62.2722,25.5128
62.5887,25.1144
62.9141,24.6286
63.2113,24.1852
63.5531,23.7507
63.8857,23.3169
64.1572,22.8991
64.4976,22.4787
64.7851,21.9871
65.0288,21.5297
65.2906,21.0884
65.5825,20.644
65.8559,20.207
66.0876,19.7895
66.3405,19.3353
66.6035,18.8616
66.8549,18.3795
67.0807,17.9435
67.3584,17.4869
67.549,17.07
67.7943,16.5675
67.9601,16.1366
68.2017,15.6515
68.4494,15.189
68.6667,14.7355
68.8604,14.3017
69.0921,13.7811
69.2387,13.3257
69.4557,12.8537
69.646,12.3589
69.8355,11.9166
70.0664,11.428
70.186,10.9457
70.3247,10.4752
70.5057,10.0002
70.6731,9.55742
70.8056,9.10156
70.9838,8.63644
71.181,8.14273
71.3117,7.69126
71.4599,7.18186
71.5878,6.68552
71.7364,6.2258
71.9183,5.74288
72.0377,5.27269
72.1343,4.80475
72.2448,4.26356
72.3278,3.78335
72.443,3.28956
72.6014,2.83423
72.6327,2.3419
72.7581,1.84156
72.8207,1.35636
72.9167,0.866634
73.0084,0.397781
73.1207,-0.0720077
73.1967,-0.616752
73.4044,-1.09194
73.3916,-1.53211
73.4404,-2.03353
73.5101,-2.53728
73.609,-3.01298
73.6429,-3.45779
73.6423,-3.95746
73.6445,-4.4116
73.6961,-4.85563
73.6823,-5.37729
73.7909,-5.86294
73.828,-6.31922
73.8417,-6.80843
73.8883,-7.21017
73.9727,-7.69082
74.0146,-8.13179
74.0697,-8.62562
74.0712,-9.02795
74.0754,-9.5439
73.9997,-10.0331
74.0522,-10.4781
74.0886,-10.9593
74.1213,-11.4249
74.1346,-11.9277
74.065,-12.3795
74.0205,-12.8909
73.9691,-13.417
73.9762,-13.8878
73.9383,-14.3751
73.9477,-14.8109
73.9176,-15.3042
73.8577,-15.7436
73.8169,-16.1506
73.8514,-16.6498
73.7896,-17.1227
73.7628,-17.5306
73.7549,-18.0457
73.6608,-18.5118
73.6086,-18.9626
73.5389,-19.5354
73.4541,-19.9808
73.3557,-20.5345
73.3262,-20.9157
73.178,-21.3501
73.1948,-21.842
73.0404,-22.3185
