-13.2288,70.1884
-12.7677,70.2338
-12.2921,70.2837
-11.8072,70.2969
-11.3433,70.3342
-10.8545,70.3872
-10.3916,70.413
-9.92479,70.4123
-9.40946,70.4648
-8.92797,70.4866
-8.44944,70.5206
-7.96223,70.5062
-7.46848,70.5321
-6.97498,70.5725
-6.51881,70.5615
-6.04033,70.5634
-5.57933,70.5633
-5.10384,70.5619
-4.61449,70.5659
-4.13192,70.5607
-3.62967,70.5511
-3.12327,70.5397
-2.62435,70.5086
-2.10557,70.4821
-1.59543,70.4745
-1.10493,70.4249
-0.620528,70.3769
-0.116385,70.304
0.375009,70.2649
0.879187,70.1765
1.36034,70.1155
1.86173,70.0423
2.34319,69.9954
2.83975,69.9157
3.31527,69.8425
3.80283,69.7671
4.30074,69.6763
4.79596,69.5872
5.28743,69.5214
5.80524,69.4225
6.29671,69.3196
6.79551,69.2352
7.30578,69.1268
7.80218,69.0116
8.30387,68.8813
8.79252,68.7526
9.29566,68.6684
9.77218,68.5118
10.2803,68.3849
10.757,68.2369
11.2451,68.1128
11.7465,67.9685
12.2245,67.8111
12.7188,67.6501
13.2016,67.4798
13.6848,67.3378
14.171,67.1602
14.667,67.0146
15.1428,66.8552
15.6366,66.6818
16.1128,66.4927
16.6006,66.3048
17.0872,66.1053
17.5722,65.8923
18.058,65.6961
18.5303,65.4875
19.0248,65.2554
19.5136,65.0295
19.9807,64.8054
20.4652,64.6192
20.9597,64.3933
21.4313,64.1787
21.9149,63.9301
22.394,63.7008
22.8613,63.4509
23.3438,63.1791
23.8076,62.9166
24.2694,62.6609
24.7395,62.3803
25.2303,62.0905
25.6882,61.8093
26.1558,61.5225
26.6184,61.2364
27.0776,60.9231
27.5356,60.619
27.9845,60.3365
28.4298,60.0168
28.8684,59.7184
29.314,59.4137
29.7766,59.0885
30.205,58.7453
30.6415,58.4297
31.0907,58.0761
31.5338,57.7615
31.9601,57.4063
32.3828,57.0633
32.8196,56.6864
33.2382,56.3254
33.6739,55.9577
34.0859,55.5756
34.5229,55.1858
34.9171,54.8065
35.327,54.4389
35.7189,54.0322
36.1324,53.6269
36.524,53.1994
36.9342,52.8135
37.3331,52.3816
37.7046,51.9701
38.0751,51.5451
38.4698,51.1085
38.828,50.6706
39.2021,50.2319
39.5815,49.7709
39.9329,49.3226
40.3064,48.868
40.6602,48.3983
40.9928,47.9113
41.3297,47.4496
41.6584,46.9657
41.9915,46.4895
42.303,45.9982
42.6339,45.4961
42.9398,45.0075
43.2713,44.4889
43.5822,43.98
43.88,43.4686
44.1774,42.9349
44.4664,42.4122
44.7445,41.8998
45.0135,41.3457
45.2834,40.8239
45.5447,40.2573
45.7866,39.6943
46.0531,39.1316
46.317,38.5788
46.5349,37.9999
46.768,37.4215
46.9742,36.8602
47.1963,36.2718
47.4092,35.6816
47.5907,35.0968
47.7718,34.5072
47.9489,33.9298
48.1104,33.3159
48.2463,32.7247
48.4215,32.1062
48.5594,31.5028
48.6937,30.8702
48.8222,30.2486
48.9365,29.6255
49.0521,28.9907
49.1498,28.347
49.2296,27.7228
49.3244,27.0667
49.3879,26.4265
49.4299,25.8016
49.485,25.1558
49.5311,24.4967
49.5357,23.8615
49.5175,23.2219
49.535,22.5603
49.5218,21.8977
49.5069,21.2319
49.4738,20.5576
49.4325,19.9044
49.3801,19.2362
49.3067,18.5864
49.2264,17.8948
49.1526,17.2368
49.032,16.5835
48.9157,15.9079
48.7847,15.247
48.6277,14.5948
48.4828,13.945
48.3034,13.2823
48.1222,12.6206
47.9056,11.9794
47.696,11.3287
47.4637,10.6703
47.2268,10.0131
46.9743,9.38063
46.7023,8.73185
46.4224,8.10634
46.1206,7.46575
45.8396,6.83717
45.4914,6.2471
45.1675,5.64373
44.8045,5.00489
44.4374,4.38162
44.0675,3.77023
43.6748,3.17581
43.2488,2.5842
42.8456,2.00348
42.3807,1.44392
41.924,0.879998
41.4501,0.334613
40.9607,-0.198933
40.4704,-0.734191
39.9441,-1.24756
39.4288,-1.75631
38.8941,-2.24907
38.3307,-2.7332
37.7575,-3.20357
37.1783,-3.65048
36.5818,-4.09724
35.9874,-4.53496
35.3575,-4.95036
34.7284,-5.34981
34.0753,-5.73765
33.4495,-6.11732
32.7861,-6.47716
32.0743,-6.79544
31.3985,-7.11593
31.352,-7.75264
29.9787,-7.69382
29.264,-7.97223
28.5596,-8.22183
27.8028,-8.42172
27.0628,-8.62875
26.3019,-8.79314
25.5575,-8.98364
24.7898,-9.11192
24.0163,-9.22782
23.2551,-9.31798
22.4658,-9.39427
21.7019,-9.43205
20.9158,-9.4622
20.1254,-9.46098
19.3534,-9.44695
18.5467,-9.39986
17.7395,-9.30844
16.9406,-9.20775
16.143,-9.07326
15.3718,-8.9424
14.6083,-8.78201
13.8032,-8.56646
13.0169,-8.33434
12.2591,-8.0782
11.5127,-7.83076
10.7795,-7.53387
10.0169,-7.20899
9.30328,-6.8628
8.5885,-6.49588
7.8772,-6.10277
7.18856,-5.69689
6.48696,-5.24967
5.83232,-4.78775
5.17857,-4.30062
4.542,-3.78966
3.92685,-3.25397
3.32684,-2.71908
2.73144,-2.11837
2.17209,-1.55417
1.65466,-0.942179
1.11519,-0.27657
0.458536,0.476832
0.15803,1.01928
-0.275272,1.56348
-0.755891,2.25995
-1.17439,2.96191
-1.58404,3.7059
-1.9841,4.44642
-2.31177,5.18809
-2.64959,5.95096
-2.92001,6.68965
-3.21662,7.44143
-3.46663,8.2343
-3.66804,9.02407
-3.90688,9.81469
-4.07908,10.607
-4.21706,11.4099
-4.34583,12.2089
-4.44198,13.004
-4.46595,13.7866
-4.51353,14.6258
-4.51091,15.4094
-4.52047,16.2041
-4.47644,17.0116
-4.40746,17.8054
-4.34448,18.6244
-4.26199,19.4431
-4.13326,20.211
-3.9609,20.9929
-3.80109,21.7693
-3.57426,22.5282
-3.34876,23.2815
-3.1151,24.0475
-2.87347,24.7964
-2.57333,25.52
-2.2839,26.2504
-1.95972,26.9773
-1.62214,27.6854
-1.24187,28.3806
-0.850327,29.0417
-0.463012,29.7158
-0.0467189,30.3615
0.398741,31.0128
0.846321,31.6387
1.29172,32.2651
1.80964,32.8593
2.28003,33.446
2.76297,34.0138
3.28046,34.5879
3.80563,35.1222
4.37388,35.653
4.93838,36.1618
5.50178,36.6777
6.07782,37.1365
6.66049,37.6105
7.25401,38.0534
7.84801,38.4862
8.47851,38.8909
9.08832,39.2995
9.7416,39.6821
10.3622,40.0404
11.0007,40.4003
11.6485,40.7493
12.323,41.0629
12.9825,41.3613
13.627,41.6681
14.3191,41.9426
14.9804,42.2046
15.6196,42.4451
16.3212,42.6815
16.991,42.9018
17.6596,43.0955
18.3396,43.2765
19.0246,43.4448
19.7459,43.6003
20.4317,43.7439
21.0949,43.8647
21.7905,43.9711
22.4987,44.0799
23.1869,44.1651
23.8884,44.2495
24.5298,44.318
25.2618,44.3275
25.9108,44.3774
26.5857,44.4274
27.2652,44.435
27.9613,44.4215
28.589,44.4263
29.2517,44.3748
29.8987,44.3524
30.5778,44.2915
31.2548,44.2515
31.9127,44.1645
32.5835,44.0702
33.1984,43.9658
33.8557,43.848
34.4792,43.7299
35.1155,43.6353
35.7291,43.4974
36.3805,43.3321
37.0095,43.1751
37.6137,43.016
38.2331,42.8513
38.8264,42.675
39.4798,42.4788
40.0534,42.2745
40.6368,42.0667
41.2222,41.8473
41.8316,41.639
42.4047,41.4171
42.9705,41.1868
43.518,40.9608
44.055,40.6929
44.6201,40.4452
45.1783,40.1791
45.7306,39.9097
46.2755,39.6207
46.788,39.3329
47.3061,39.0323
47.8013,38.7245
48.361,38.4278
48.8511,38.1241
49.3517,37.8296
49.8741,37.4873
50.3391,37.154
50.7955,36.8224
51.2899,36.4954
51.7953,36.1465
52.2497,35.7818
52.6963,35.4408
53.1191,35.0844
53.5793,34.7228
54.0323,34.358
54.4925,34.0042
54.9311,33.6565
55.3455,33.2608
55.7547,32.891
56.1612,32.5239
56.6203,32.1297
57.0215,31.7413
57.4168,31.3322
57.7949,30.9599
58.1354,30.584
58.5139,30.1946
58.8921,29.7769
59.3191,29.3641
59.679,28.9615
60.0381,28.5463
60.3931,28.1604
60.7018,27.7735
61.0787,27.3404
61.4509,26.8772
61.8057,26.4332
62.0831,25.9983
62.4021,25.59
62.6871,25.1609
63.0038,24.7111
63.3563,24.254
63.6631,23.8086
63.9721,23.3718
64.286,22.972
64.5584,22.5503
64.8325,22.083
65.1007,21.5995
65.4428,21.1658
65.6641,20.7146
65.9384,20.2922
66.2027,19.8614
66.4321,19.3634
66.7007,18.9254
66.9473,18.4599
67.1928,17.9958
67.4499,17.5445
67.6753,17.1213
67.876,16.6312
68.1044,16.1733
68.3183,15.6887
68.4953,15.2251
68.7118,14.7677
68.9371,14.3305
69.1421,13.8562
69.3503,13.3456
69.5412,12.8605
69.7471,12.3927
69.9613,11.9048
70.1489,11.462
70.2655,10.9601
70.4266,10.5153
70.5655,10.0745
70.7271,9.59282
70.896,9.12321
71.0665,8.64883
71.1738,8.18671
71.3524,7.70502
71.4921,7.20848
71.6553,6.73447
71.8166,6.24065
71.9893,5.80656
72.1236,5.30616
72.2206,4.78648
72.285,4.3058
72.4136,3.82717
72.5717,3.35021
72.6666,2.84411
72.7393,2.39649
72.8332,1.86274
72.9237,1.39397
73.0319,0.913904
73.1732,0.428449
73.2457,-0.0983398
73.3022,-0.546918
73.4482,-1.01225
73.4959,-1.48469
73.5694,-2.01179
73.6223,-2.47099
73.7418,-2.96686
73.7426,-3.4416
73.788,-3.91702
73.7953,-4.44989
73.8461,-4.88269
73.8263,-5.3203
73.8979,-5.82876
73.9301,-6.31044
73.9911,-6.74458
74.0178,-7.20638
74.0676,-7.64717
74.0869,-8.08222
74.0864,-8.57747
74.1644,-9.02741
74.1608,-9.54989
74.1771,-10.0041
74.1532,-10.4778
74.1589,-10.9247
74.1198,-11.4347
74.1492,-11.9586
74.0915,-12.3721
74.0829,-12.9154
74.05,-13.3691
73.969,-13.8894
74.0291,-14.3849
73.9852,-14.8478
73.976,-15.2925
73.9743,-15.753
73.9304,-16.1645
73.9281,-16.5898
73.9238,-17.0197
73.9172,-17.5452
73.807,-18.0636
73.788,-18.4929
73.6677,-18.9655
73.4964,-19.4899
73.5581,-19.9815
73.4391,-20.4453
73.3758,-20.952
73.329,-21.3972
73.2007,-21.8924
73.1887,-22.2528
